Designator,Val,Package,Mid X,Mid Y,Rotation,Layer
C1,100n,C_0805_2012Metric,122.0724,-84.836,90.0,top
C10,100n,C_0805_2012Metric,92.71,-90.932,0.0,top
C11,1u,C_0805_2012Metric_Pad1.18x1.45mm_HandSolder,112.268,-149.86,-90.0,top
C12,1u,C_0805_2012Metric_Pad1.18x1.45mm_HandSolder,127.0,-149.606,90.0,top
C13,1u,C_0805_2012Metric_Pad1.18x1.45mm_HandSolder,112.268,-145.542,90.0,top
C14,1u,C_0805_2012Metric_Pad1.18x1.45mm_HandSolder,127.0,-145.288,-90.0,top
C147,100n,C_0805_2012Metric,181.61,-102.87,-90.0,top
C15,100n,C_0805_2012Metric,92.71,-78.486,0.0,top
C150,100n,C_0805_2012Metric,181.61,-111.76,-90.0,top
C16,100n,C_0805_2012Metric,123.698,-75.438,-90.0,top
C17,100n,C_0805_2012Metric,100.076,-75.438,-90.0,top
C171,51pF,C_0805_2012Metric,168.656,-74.676,180.0,top
C172,360p,C_0805_2012Metric,170.18,-71.12,0.0,top
C18,100n,C_0805_2012Metric,122.428,-139.192,180.0,top
C19,100n,C_0805_2012Metric,129.286,-136.144,180.0,top
C2,100n,C_0805_2012Metric,84.582,-149.098,0.0,top
C20,100n,C_0805_2012Metric,92.71,-104.14,0.0,top
C21,100n,C_0805_2012Metric,138.43,-75.504,-90.0,top
C22,100n,C_0805_2012Metric,138.43,-102.616,0.0,top
C23,100n,C_0805_2012Metric,110.998,-75.438,-90.0,top
C24,100n,C_0805_2012Metric,89.916,-123.698,0.0,top
C25,100n,C_0805_2012Metric,163.4032,-94.488,180.0,top
C26,100n,C_0805_2012Metric,173.609,-72.136,180.0,top
C27,100n,C_0805_2012Metric,105.664,-102.362,180.0,top
C28,100n,C_0805_2012Metric,120.904,-117.9068,-90.0,top
C29,100n,C_0805_2012Metric,105.664,-93.726,180.0,top
C3,100n,C_0805_2012Metric,84.582,-128.524,0.0,top
C30,100n,C_0805_2012Metric,105.664,-100.33,180.0,top
C31,100n,C_0805_2012Metric,105.664,-110.49,180.0,top
C32,100n,C_0805_2012Metric,115.824,-84.836,90.0,top
C33,100n,C_0805_2012Metric,125.476,-84.582,90.0,top
C34,100n,C_0805_2012Metric,138.43,-94.488,0.0,top
C35,100n,C_0805_2012Metric,119.634,-84.836,90.0,top
C36,100n,C_0805_2012Metric,138.43,-100.584,0.0,top
C37,100n,C_0805_2012Metric,138.43,-108.712,0.0,top
C38,100n,C_0805_2012Metric,115.824,-117.856,-90.0,top
C39,100n,C_0805_2012Metric,123.444,-117.856,-90.0,top
C4,22u,C_0805_2012Metric_Pad1.18x1.45mm_HandSolder,101.6,-140.208,0.0,top
C40,100n,C_0805_2012Metric,127.0,-117.856,-90.0,top
C41,100n,C_0805_2012Metric,181.864,-93.472,-90.0,top
C5,22u,C_0805_2012Metric_Pad1.18x1.45mm_HandSolder,95.758,-145.796,90.0,top
C6,22u,C_0805_2012Metric_Pad1.18x1.45mm_HandSolder,107.95,-145.796,90.0,top
C7,22u,C_0805_2012Metric_Pad1.18x1.45mm_HandSolder,84.582,-132.334,0.0,top
C8,47u,C_0805_2012Metric_Pad1.18x1.45mm_HandSolder,84.582,-145.796,0.0,top
C9,100n,C_0805_2012Metric,151.8,-75.8,-90.0,top
D12,1N4448,D_SOD-123,194.818,-92.964,90.0,top
D15,1N4448,D_SOD-123,197.866,-92.964,90.0,top
D16,1N4448,D_SOD-123,194.818,-98.552,90.0,top
D47,1N4448,D_SOD-123,197.866,-98.552,90.0,top
IC16,74LVC8T245SO24,TSSOP-24_4.4x7.8mm_P0.65mm,92.71,-114.046,90.0,top
J1,DIN-6,DIN6PIEC,219.202,-105.41,90.0,top
J11,Conn_01x09,PinHeader_1x09_P2.54mm_Vertical,105.41,-135.89,90.0,top
J12,Conn_01x09,PinHeader_1x09_P2.54mm_Vertical,105.41,-131.318,90.0,top
J2,Conn_01x23,PinSocket_1x23_P2.54mm_Vertical,140.815,-67.175,90.0,top
J3,New_PET_keyboard_connector,IDC-Header_2x10_P2.54mm_Vertical,211.1175,-72.4,0.0,top
J4,Conn_01x02,PinHeader_1x02_P2.54mm_Horizontal,223.52,-119.375,0.0,top
JP1,JP1E,JP1,95.25,-125.984,90.0,top
P1,PETUSERPORT,FLAT24_IDC,166.37,-133.858,-90.0,top
P2,IEEE488FLATCABLE,FLAT24_IDC,222.758,-74.93,-90.0,top
P4,CSABUS,CSABUS,74.86515,-105.0036,180.0,top
P5,CBMTAPE,JP6,196.8512,-111.0,90.0,top
P8,~,PinHeader_1x20_P2.54mm_Vertical,163.405,-60.0,90.0,top
P9,~,IDC-Header_2x05_P2.54mm_Vertical,204.4605,-108.458,180.0,top
R1,4k7,R_0603_1608Metric_Pad0.98x0.95mm_HandSolder,100.076,-125.222,-90.0,top
R10,4k7,R_0603_1608Metric_Pad0.98x0.95mm_HandSolder,183.134,-90.17,0.0,top
R2,330,R_0603_1608Metric_Pad0.98x0.95mm_HandSolder,121.92,-135.89,180.0,top
R3,4k7,R_0603_1608Metric_Pad0.98x0.95mm_HandSolder,168.2292,-93.98,-90.0,top
R4,330,R_0603_1608Metric_Pad0.98x0.95mm_HandSolder,131.318,-118.11,90.0,top
R47,4k7,R_0603_1608Metric_Pad0.98x0.95mm_HandSolder,134.366,-85.344,-90.0,top
R48,4k7,R_0603_1608Metric_Pad0.98x0.95mm_HandSolder,112.268,-71.374,0.0,top
R5,10k,R_0603_1608Metric_Pad0.98x0.95mm_HandSolder,101.346,-150.622,0.0,top
R6,10,0207_10,187.3,-151.4,0.0,top
R68,1M,R_0603_1608Metric_Pad0.98x0.95mm_HandSolder,173.3804,-67.818,0.0,top
R69,1M,R_0603_1608Metric_Pad0.98x0.95mm_HandSolder,155.448,-72.644,0.0,top
R7,330,R_0603_1608Metric_Pad0.98x0.95mm_HandSolder,132.4944,-142.1296,180.0,top
R70,47k,R_0603_1608Metric_Pad0.98x0.95mm_HandSolder,155.956,-75.184,0.0,top
R8,330,R_0603_1608Metric_Pad0.98x0.95mm_HandSolder,132.4944,-144.6396,0.0,top
R9,4k7,R_0603_1608Metric_Pad0.98x0.95mm_HandSolder,109.728,-82.296,-90.0,top
RN1,10k,R_Array_SIP9,115.2,-61.2,0.0,top
RN2,10k,R_Array_SIP9,173.39,-85.598,-90.0,top
RN3,10k,R_Array_SIP9,177.2,-101.854,90.0,top
RN4,10k,R_Array_SIP9,177.038,-131.572,90.0,top
RN5,10k,R_Array_SIP9,173.736,-131.572,90.0,top
RN6,4k7,R_Array_SIP5,207.01,-95.25,0.0,top
U1,XC6SLX9-TQG144,TQFP-144_20x20mm_P0.5mm,122.174,-101.346,270.0,top
U10,74LS06,SO-14_3.9x8.65mm_P1.27mm,117.1448,-77.1144,0.0,top
U11,SN74LVC245APW,TSSOP-20_4.4x6.5mm_P0.65mm,105.3084,-76.9269,0.0,top
U12,4051,SOP-16_3.9x9.9mm_P1.27mm,145.288,-77.1144,0.0,top
U13,4051,SOP-16_3.9x9.9mm_P1.27mm,130.302,-77.1144,0.0,top
U14,74LS06,SO-14_3.9x8.65mm_P1.27mm,187.96,-95.25,0.0,top
U15,ADM560,SSOP-28_5.3x10.2mm_P0.65mm,119.634,-146.304,270.0,top
U16,LSF0204Q,TSSOP-14_4.4x5mm_P0.65mm,141.478,-122.0724,270.0,top
U17,LSF0204Q,TSSOP-14_4.4x5mm_P0.65mm,141.478,-146.9136,270.0,top
U18,LSF0204Q,TSSOP-14_4.4x5mm_P0.65mm,141.478,-138.6332,270.0,top
U19,LSF0204Q,TSSOP-14_4.4x5mm_P0.65mm,141.478,-130.3528,270.0,top
U2,SN74LVC245APW,TSSOP-20_4.4x6.5mm_P0.65mm,92.8975,-83.6168,270.0,top
U20,~,IDC-Header_2x13_P2.54mm_Vertical,154.4415,-132.842,0.0,top
U21,74LVC1G125,SOT-353_SC-70-5,104.648,-118.249,180.0,top
U22,74LVC1G125,SOT-353_SC-70-5,104.648,-122.174,180.0,top
U23,74LVC1G00,SOT-353_SC-70-5_Handsoldering,174.244,-149.1996,180.0,top
U24,74LVC165,TSSOP-16_4.4x5mm_P0.65mm,131.8,-60.8,180.0,top
U25,NE555D,SOIC-8_3.9x4.9mm_P1.27mm,162.56,-73.66,270.0,top
U26,CD4053B,SOIC-16_3.9x9.9mm_P1.27mm,188.25,-115.3,0.0,top
U27,CD4053B,SOIC-16_3.9x9.9mm_P1.27mm,188.0875,-105.7,0.0,top
U3,SN74LVC245APW,TSSOP-20_4.4x6.5mm_P0.65mm,92.8975,-96.6216,270.0,top
U4,SN75160BDW,SOIC-20W_7.5x12.8mm_P1.27mm,163.2,-83.9216,270.0,top
U5,SN75161BDW,SOIC-20W_7.5x12.8mm_P1.27mm,163.2,-103.378,270.0,top
U6,LSF0204Q,TSSOP-14_4.4x5mm_P0.65mm,147.8,-86.0,270.0,top
U7,LSF0204Q,TSSOP-14_4.4x5mm_P0.65mm,147.8,-93.0,270.0,top
U8,LSF0204Q,TSSOP-14_4.4x5mm_P0.65mm,147.8,-99.8,270.0,top
U9,LSF0204Q,TSSOP-14_4.4x5mm_P0.65mm,147.8,-106.934,270.0,top
UX16,AP2132BB,Diodes_PSOP-8,101.6,-145.542,0.0,top
UX17,LDI1117,SOT-223,86.868,-139.446,180.0,top
UX18,SPIFLASH,DIP-8_W7.62mm_Socket_LongPads,126.492,-128.524,0.0,top
UX7,XILINXPROG,IDC-Header_2x05_P2.54mm_Vertical,92.202,-64.2525,90.0,top
X1,18.432MHz,Oscillator_SMD_SeikoEpson_SG8002CE-4Pin_3.2x2.5mm,137.668,-84.582,0.0,top
X3,M09HPS,DSUB-9_Pins_Horizontal_P2.77x2.84mm_EdgePinOffset9.90mm_Housed_MountingHolesOffset11.32mm,216.057469,-138.43,90.0,top
X7,M09-182,DSUB-9_Pins_Vertical_P2.77x2.84mm_MountingHoles,195.84,-128.22,0.0,top
X8,M09-182,DSUB-9_Pins_Vertical_P2.77x2.84mm_MountingHoles,195.94,-142.32,0.0,top
